<xml xmlns="http://www.w3.org/1999/xhtml"><block type="onfirstboot" id="onfirstboot" x="118" y="23"><next><block type="wifisetup" id="!ox?Riqbj%gsJbAtREfe"><field name="1">network-name</field><field name="2">network-password</field><field name="3">WPA/WPA2</field><next><block type="sethostname" id="fjeM95?H(`oxCztJz4j*"><field name="1">UNIQUE</field><next><block type="changepass" id="G^(JuVM2gGtQB{6vL@5?"><field name="1">raspberry</field><next><block type="authorizekey" id="6}zqwZ[FY#i7oSC6WJVi"><field name="1">ssh-rsa public key</field><field name="2">pi</field><next><block type="packageinstall" id="ooFdiGpTGk}f6*Mr[D2S"><field name="1">vim</field><next><block type="packageinstall" id="/|,~yJu6+jWm*R}7m}mi"><field name="1">python3</field><next><block type="packageinstall" id="q!!|`X}=g9tn!5(P{QV("><field name="1">python3-requests</field><next><block type="packageinstall" id=";0%%u{6zR{xyD(mYzkk!"><field name="1">htop</field><next><block type="runcommand" id="C4TR;B8E(o(C)M8`zUsR"><field name="1">DEBIAN_FRONTEND=noninteractive apt-get -o Dpkg::Options::="--force-confnew" --force-yes -fuy install wireless-tools firmware-atheros usbutils wireshark tshark </field><field name="2">root</field><next><block type="downloadfile" id="31O7NM~4InbrRV9,:z`D"><field name="1">https://raw.githubusercontent.com/schollz/find-lf/master/node/scan.py</field><field name="2">/home/pi/scan.py</field><next><block type="bootbehaviour" id="a|Um4Zr%ed3[[v,{eZlh"><field name="1">Console</field><next><block type="reboot" id="O8=/A3HsrHR7j=HfI=|v"></block></next></block></next></block></next></block></next></block></next></block></next></block></next></block></next></block></next></block></next></block></next></block></next></block></xml>