{
"11": "1 5 7b 9 11",
"11b9": "1 5 7b 9b 11",
"13": "1 3 5 7b 9 13",
"13#11": "1 3 5 7b 9 11# 13",
"13#9": "1 3 5 7b 9# 13",
"13#9#11": "1 3 5 7b 9# 11# 13",
"13b5": "1 3 5b 6 7b 9",
"13b9": "1 3 5 7b 9b 13",
"13b9#11": "1 3 5 7b 9b 11# 13",
"13no5": "1 3 7b 9 13",
"13sus4": "1 4 5 7b 9 13",
"4": "1 4 5",
"5": "1 5",
"69#11": "1 3 5 6 9 11#",
"7": "1 3 5 7b",
"7#11": "1 3 5 7b 11#",
"7#11b13": "1 3 5 7b 11# 13b",
"7#5": "1 3 5# 7b",
"7#5#9": "1 3 5# 7b 9#",
"7#5b9": "1 3 5# 7b 9b",
"7#5b9#11": "1 3 5# 7b 9b 11#",
"7#5sus4": "1 4 5# 7b",
"7#9": "1 3 5 7b 9#",
"7#9#11": "1 3 5 7b 9# 11#",
"7#9#11b13": "1 3 5 7b 9# 11# 13b",
"7#9b13": "1 3 5 7b 9# 13b",
"7add6": "1 3 5 7b 13",
"7b13": "1 3 7b 13b",
"7b5": "1 3 5b 7b",
"7b6": "1 3 5 6b 7b",
"7b9": "1 3 5 7b 9b",
"7b9#11": "1 3 5 7b 9b 11#",
"7b9#9": "1 3 5 7b 9b 9#",
"7b9b13": "1 3 5 7b 9b 13b",
"7b9b13#11": "1 3 5 7b 9b 11# 13b",
"7no5": "1 3 7b",
"7sus4": "1 4 5 7b",
"7sus4b9": "1 4 5 7b 9b",
"7sus4b9b13": "1 4 5 7b 9b 13b",
"9": "1 3 5 7b 9",
"9#11": "1 3 5 7b 9 11#",
"9#11b13": "1 3 5 7b 9 11# 13b",
"9#5": "1 3 5# 7b 9",
"9#5#11": "1 3 5# 7b 9 11#",
"9b13": "1 3 7b 9 13b",
"9b5": "1 3 5b 7b 9",
"9no5": "1 3 7b 9",
"9sus4": "1 4 5 7b 9",
"Blues": "1 3b 4 5b 5 7b",
"M": "1 3 5",
"M#5": "1 3 5#",
"M#5#dd9": "1 3 5# 9",
"M13": "1 3 5 7 9 13",
"M13#11": "1 3 5 7 9 11# 13",
"M6": "1 3 5 13",
"M6#11": "1 3 5 6 11#",
"M69": "1 3 5 6 9",
"M69#11": "1 3 5 6 9 11#",
"M7#11": "1 3 5 7 11#",
"M7#5": "1 3 5# 7",
"M7#5sus4": "1 4 5# 7",
"M7#9#11": "1 3 5 7 9# 11#",
"M7add13": "1 3 5 6 7 9",
"M7b5": "1 3 5b 7",
"M7b6": "1 3 6b 7",
"M7b9": "1 3 5 7 9b",
"M7sus4": "1 4 5 7",
"M9": "1 3 5 7 9",
"M9#11": "1 3 5 7 9 11#",
"M9#5": "1 3 5# 7 9",
"M9#5sus4": "1 4 5# 7 9",
"M9b5": "1 3 5b 7 9",
"M9sus4": "1 4 5 7 9",
"Madd9": "1 3 5 9",
"Maj7": "1 3 5 7",
"Mb5": "1 3 5b",
"Mb6": "1 3 13b",
"Msus2": "1 2 5",
"Msus4": "1 4 5",
"addb9": "1 3 5 9b",
"m": "1 3b 5",
"m#5": "1 3b 5#",
"m11": "1 3b 5 7b 9 11",
"m11#5": "1 3b 6b 7b 9 11",
"m11b5": "1 3b 7b 12b 2 4",
"m13": "1 3b 5 7b 9 11 13",
"m6": "1 3b 4 5 13",
"m69": "1 3b 5 6 9",
"m7": "1 3b 5 7b",
"m7#5": "1 3b 6b 7b",
"m7add11": "1 3b 5 7b 11",
"m7b5": "1 3b 5b 7b",
"m9": "1 3b 5 7b 9",
"m9#5": "1 3b 6b 7b 9",
"m9b5": "1 3b 7b 12b 2",
"mM7": "1 3b 5 7",
"mM7b6": "1 3b 5 6b 7",
"mM9": "1 3b 5 7 9",
"mM9b6": "1 3b 5 6b 7 9",
"madd4": "1 3b 4 5",
"madd9": "1 3b 5 9",
"mb6M7": "1 3b 6b 7",
"mb6b9": "1 3b 6b 9b",
"o": "1 3b 5b",
"o7": "1 3b 5b 13",
"o7M7": "1 3b 5b 6 7",
"oM7": "1 3b 5b 7",
"sus24": "1 2 4 5",
"+add#9": "1 3 5# 9#"
}
